{"slideObjectOffsets":{"P0-01":{".welcome-title_0":{"width":742.6843706845353,"height":174.38752937081128},".welcome-subject_0":{"width":651.7305088868394,"height":82.82813790112696}},"P0-02":{},"P0-03":{".role-info-card_0":{"dx":427.9728059332509,"dy":-252.93943139678615,"width":332.671875,"height":170},".role-info-card_1":{"dx":-192,"dy":36,"width":429.703125,"height":205},".role-info-card_2":{"dx":-185,"dy":41,"width":399.625,"height":199}},"STAGE-01":{".stage-title_0":{"width":862.8344334247528,"height":102.53279300496371}},"STAGE-01-ACT-01":{".act-intro-goal_0":{"width":501.625,"height":78},".act-intro-card_0":{"width":783.9346377604971,"height":461.39099913268217}},"STAGE-01-ACT-01B":{},"STAGE-01-ACT-02":{},"STAGE-01-ACT-03":{".workspace-timer-widget_0":{"width":232,"height":164,"dx":65,"dy":11}},"STAGE-01-ACT-04":{},"STAGE-01-ACT-05":{".transition-wrapper_0":{"width":839,"height":463},".transition-card_0":{"width":798.1161676319626,"height":342.4660257120215}},"STAGE-02":{".stage-title_0":{"dx":5,"dy":1}},"STAGE-02-ACT-01":{".act-intro-card_0":{"width":743.625,"height":510}},"STAGE-02-ACT-01B":{},"STAGE-02-ACT-03":{".mission-envelope-container_0":{"dx":-3,"dy":111},".workspace-timer-widget_0":{"dx":-4,"dy":106},".slide-heading_0":{"dx":-6,"dy":76}},"STAGE-02-ACT-05":{".transition-wrapper_0":{"width":830,"height":448},".transition-card_0":{"width":757,"height":326,"dx":24,"dy":-1}},"STAGE-03":{".stage-title_0":{"width":807,"height":230,"dx":-10,"dy":8}},"STAGE-03-ACT-01":{".act-intro-title_0":{"width":613.2937739010353,"height":99.62548160435094,"dx":0,"dy":14.184177997527811},".act-intro-goal_0":{"dx":1.6687268232385661,"dy":35.04326328800989},".act-intro-card_0":{"width":695.2812845538956,"height":437.66824559611354}},"STAGE-03-ACT-01B":{},"STAGE-03-ACT-02":{},"STAGE-03-ACT-03":{},"STAGE-03-ACT-04":{},"STAGE-03-ACT-05":{},"STAGE-04":{},"STAGE-04-ACT-01":{".act-intro-card_0":{"width":699.6250261040346,"height":458.6081751197466},".act-intro-goal_0":{"dx":-3,"dy":18},".act-intro-title_0":{"dx":-1,"dy":1,"width":599.9874496931493,"height":90.67491736488671}},"STAGE-04-ACT-01B":{},"STAGE-04-ACT-02":{},"STAGE-04-ACT-03":{".matrix-grid_0":{"dx":-19,"dy":36},".workspace-timer-widget_0":{"dx":-1,"dy":45}},"STAGE-04-ACT-04":{},"STAGE-04-ACT-05":{".transition-wrapper_0":{"width":854,"height":515}},"STAGE-05":{},"STAGE-05-ACT-01":{".act-intro-title_0":{"width":890.625,"height":119,"dx":1,"dy":2},".act-intro-goal_0":{"dx":-3,"dy":33}},"STAGE-05-ACT-01B":{},"STAGE-05-ACT-03":{".drawing-placeholder_0":{"width":763,"height":512}},"STAGE-05-ACT-04":{},"STAGE-05-ACT-05":{},"STAGE-06":{".stage-title_0":{"width":743.453125,"height":118}},"STAGE-06-ACT-01":{".act-intro-title_0":{"width":869.625,"height":51,"dx":-2,"dy":36},".act-intro-goal_0":{"dx":0,"dy":85},".act-intro-card_0":{"width":838,"height":505}},"STAGE-06-ACT-01B":{},"STAGE-06-ACT-02":{},"STAGE-06-ACT-03":{},"STAGE-06-ACT-04-1":{},"STAGE-06-ACT-04-2":{},"STAGE-06-ACT-04-3":{},"STAGE-06-ACT-04-4":{},"STAGE-06-ACT-05":{},"STAGE-07":{},"STAGE-07-ACT-01":{".act-intro-title_0":{"width":583.625,"height":88},".act-intro-card_0":{"width":729.625,"height":543},".act-intro-goal_0":{"dx":3,"dy":100}},"STAGE-07-ACT-01B":{},"STAGE-07-ACT-03":{},"STAGE-07-ACT-05":{},"STAGE-08":{},"STAGE-08-ACT-01":{".act-intro-goal_0":{"width":605.625,"height":91,"dx":0,"dy":68},".act-intro-card_0":{"width":690,"height":527},".act-intro-title_0":{"dx":0,"dy":38}},"STAGE-08-ACT-01B":{},"STAGE-08-ACT-03":{},"STAGE-08-ACT-05":{},"END-01-1":{},"END-01-2":{},"END-01-3":{".takeaway-quote-box_0":{"dx":0,"dy":-17},".takeaway-large-card_0":{"width":897.8666666666667,"height":406.9927083333333}},"END-03":{},"END-04":{},"END-05":{}},"slideTextEdits":{"P0-01":{"edit_4":"Học sinh hiểu và xây dựng được quy trình học tập hiệu quả, chủ động cùng trí tuệ nhân tạo.","edit_1":"THỰC HÀNH DÙNG AI ĐỂ HỌC<div class=\"drag-handle\" title=\"Kéo để di chuyển\"><i class=\"fa-solid fa-arrows-up-down-left-right\"></i></div><div class=\"resize-handle\" title=\"Kéo để co giãn\"><i class=\"fa-solid fa-up-right-and-down-left-from-center\"></i></div><div class=\"delete-handle\" title=\"Xóa phần tử khỏi slide\"><i class=\"fa-solid fa-trash\"></i></div>"},"P0-03":{"edit_0":"<br>"},"STAGE-01-ACT-01":{"edit_2":"Nhận ra sự khác biệt giữa việc \"dùng AI để học thật\" và \"dùng AI để&nbsp;<div>đối phó\".<div><div class=\"drag-handle\" title=\"Kéo để di chuyển\"><i class=\"fa-solid fa-arrows-up-down-left-right\"></i></div><div class=\"resize-handle\" title=\"Kéo để co giãn\"><i class=\"fa-solid fa-up-right-and-down-left-from-center\"></i></div></div></div>"},"STAGE-01-ACT-01B":{"edit_2":"- Vở ghi chép<div><br><div>- Bút</div></div>","edit_4":"Cá nhân"},"STAGE-01-ACT-03":{"edit_2":"&nbsp; &nbsp;Đọc đề bài","edit_3":"&nbsp; Tự suy nghĩ","edit_4":"&nbsp; Hỏi AI khi gặp khó khăn","edit_5":"&nbsp; Kiểm tra lời giải của AI","edit_6":"&nbsp; Tự làm lại vào vở","edit_8":"&nbsp; Chụp đề bài","edit_9":"&nbsp; Gửi cho AI","edit_10":"&nbsp; Chép đáp án","edit_0":"AI GIÚP HAY AI THAY?","timer-display-STAGE-01-ACT-03":"03:57"},"STAGE-01-ACT-05":{"edit_3":"Một quy trình chuẩn để học với AI gồm những bước nào và từ đâu&nbsp;<span style=\"font-size: 1.3rem;\">mà có?</span>"},"STAGE-02":{"edit_1":"NHẬN YÊU CẦU TỪ&nbsp;<div>KHÁCH HÀNG<div class=\"drag-handle\" title=\"Kéo để di chuyển\"><i class=\"fa-solid fa-arrows-up-down-left-right\"></i></div><div class=\"resize-handle\" title=\"Kéo để co giãn\"><i class=\"fa-solid fa-up-right-and-down-left-from-center\"></i></div></div>"},"STAGE-02-ACT-01":{"edit_2":"Giúp học sinh hiểu rõ nhiệm vụ học tập và xác định được các vấn đề cốt lõi cần điều tra.<div class=\"drag-handle\" title=\"Kéo để di chuyển\"><i class=\"fa-solid fa-arrows-up-down-left-right\"></i></div><div class=\"resize-handle\" title=\"Kéo để co giãn\"><i class=\"fa-solid fa-up-right-and-down-left-from-center\"></i></div>","edit_1":"NHIỆM VỤ&nbsp;<span style=\"font-size: 2.8rem;\">TỪ&nbsp;</span><div><span style=\"font-size: 2.8rem;\">HỌC VIỆN AI</span><div><div class=\"drag-handle\" title=\"Kéo để di chuyển\"><i class=\"fa-solid fa-arrows-up-down-left-right\"></i></div><div class=\"resize-handle\" title=\"Kéo để co giãn\"><i class=\"fa-solid fa-up-right-and-down-left-from-center\"></i></div></div></div>"},"STAGE-02-ACT-01B":{"edit_2":"- Giấy<div><br><div>- Bút</div></div>"},"STAGE-02-ACT-05":{"edit_3":"Làm sao để 'giải mã' và sắp xếp các hành động rời rạc thành&nbsp;<span style=\"font-size: 1.3rem;\">một&nbsp;</span><span style=\"font-size: 1.3rem;\">quy trình học tập tối ưu?</span>"},"STAGE-03-ACT-01B":{"edit_2":"Nhận bộ thẻ hành động từ giáo viên"},"STAGE-03-ACT-02":{"edit_3":"Thảo luận và phân loại các thẻ vào hai nhóm quy trình."},"STAGE-03-ACT-05":{"edit_3":"Nhưng tại sao các bước trong quy trình học hiệu quả lại quan trọng? Nếu lỡ bỏ qua một bước thì hệ quả sẽ ra sao?","edit_1":"Sự khác biệt giữa một quy trình học thông minh và một quy trình&nbsp;<span style=\"font-size: 1.3rem;\">đối phó.</span>"},"STAGE-04-ACT-01B":{"edit_2":"- Giấy viết<div><br>- Bút</div>"},"STAGE-04-ACT-04":{"edit_13":"Mỗi một bước trong ma trận đều có một sứ mệnh không thể thay thế."},"STAGE-04-ACT-05":{"edit_1":"Bản chất, vai trò kỹ thuật và lỗ hổng tư duy khi thiếu hụt các bước&nbsp;<span style=\"font-size: 1.3rem;\">phản hồi.</span>"},"STAGE-05-ACT-01B":{"edit_2":"- Giấy viết<div><br>- Bút</div>"},"STAGE-05-ACT-04":{"edit_1":"NGHĨ&nbsp;<div>(Não tự động)</div>","edit_2":"HỎI&nbsp;<div>(Tương tác)</div>","edit_4":"LÀM LẠI&nbsp;<div>(Tự giải)</div>"},"STAGE-05-ACT-05":{"edit_1":"Công thức vàng của một Chuyên gia AI thực thụ khi đứng trước&nbsp;<span style=\"font-size: 1.3rem;\">bài học mới.</span>","edit_3":"Làm sao để biến công thức này thành một công cụ thực chiến cho từng môn học&nbsp;<div>cụ thể trên lớp?</div>"},"STAGE-06-ACT-01B":{"edit_2":"- Nhận phiếu thiết kế quy trình<div><br>- Bút</div>","edit_4":"Nhóm 4 học sinh"},